ID,Description,GeneRatio,BgRatio,RichFactor,FoldEnrichment,zScore,pvalue,p.adjust,qvalue,geneID,Count,Factor,Method,Term,neglog10_padj
GO:0007389,pattern specification process,37/281,428/13960,0.08644859813084112,4.294741743439651,9.92236975919144,5.735497913390969e-14,1.948922190970251e-10,NA,EMX1/HOXB9/HAND1/WT1/OVOL2/GATA5/DBX1/SOX17/IRX4/GREM1/PITX2/FOXD1/MAFB/RAX/LMX1B/NOTO/WNT1/UNCX/FOXA2/WNT3A/CDX2/HOXD13/ALX4/HOXD8/HOXC9/IRX2/IRX3/HOXB7/HAND2/ISL1/TBX3/BASP1/MLLT3/SIM2/HOXB4/DMRT3/HES4,37,F7,GFA,pattern specification process,9.710205499367147
GO:0003002,regionalization,33/281,387/13960,0.08527131782945736,4.236254793235675,9.253657122055664,2.1547795703250066e-12,3.660970489982186e-9,NA,EMX1/HOXB9/HAND1/WT1/OVOL2/GATA5/DBX1/SOX17/GREM1/PITX2/FOXD1/MAFB/LMX1B/NOTO/WNT1/FOXA2/WNT3A/CDX2/HOXD13/ALX4/HOXD8/HOXC9/IRX2/IRX3/HOXB7/HAND2/ISL1/TBX3/BASP1/MLLT3/HOXB4/DMRT3/HES4,33,F7,GFA,regionalization,8.436403771825804
GO:0045165,cell fate commitment,23/281,280/13960,0.08214285714285714,4.080833756990341,7.463754912418849,1.1383431483026248e-8,1.289363339310773e-5,NA,WT1/GATA5/DBX1/SOX17/BHLHE23/BHLHE22/JAK1/MYOD1/WNT1/FOXA2/PPARG/GDF7/WNT3A/ISL1/GATA6/HOXA13/EYA2/TBX3/PTF1A/DMRT3/EBF2/WNT9A/IRF4,23,F7,GFA,cell fate commitment,4.889624682318943
GO:0002027,regulation of heart rate,13/275,94/13960,0.13829787234042554,7.020502901353965,8.30218102183411,3.6791090205854534e-8,8.744146593991845e-5,NA,SCN3B/CAV1/KCND3/RYR2/ACE/KCNA5/KCNH2/HEY2/CACNA1G/ISL1/PKP2/ADM/ADA,13,F11,GFA,regulation of heart rate,4.058282570131081
GO:0086091,regulation of heart rate by cardiac conduction,9/275,39/13960,0.2307692307692308,11.714685314685315,9.49833771611966,4.9513853873113514e-8,8.744146593991845e-5,NA,SCN3B/CAV1/KCND3/ACE/KCNA5/KCNH2/CACNA1G/ISL1/PKP2,9,F11,GFA,regulation of heart rate by cardiac conduction,4.058282570131081
GO:0001501,skeletal system development,29/281,486/13960,0.05967078189300411,2.9644274563214856,6.31769997303925,1.7039818923143662e-7,1.447532617521054e-4,NA,HOXB9/HAND1/DLX4/RUNX3/BBS2/GREM1/PITX2/EXT2/WNT1/UNCX/RYR1/DLX5/BARX2/HOXD13/ALX4/HOXD8/HOXC9/NPR3/HOXB7/VDR/HAND2/HOXA13/TBX3/HOXB4/KIAA1217/TFAP2A/WNT9A/PAX1/BMP3,29,F7,GFA,skeletal system development,3.839371641452127
GO:0042391,regulation of membrane potential,26/275,424/13960,0.06132075471698113,3.1128644939965695,6.262972432867591,3.002276820189943e-7,3.2898063837202813e-4,NA,SCN3B/LRRK2/FGF12/TBX18/CAV1/WNT7A/GNA14/KCND3/ADRB2/BID/NPR2/NALCN/RYR2/RELN/KCNA5/GRIN2C/KCNH2/CBLN1/BOK/SNCA/RIMS2/CACNA1G/SLC39A8/UCP2/FZD9/PKP2,26,F11,GFA,regulation of membrane potential,3.4828296610032865
GO:0036293,response to decreased oxygen levels,21/275,294/13960,0.07142857142857142,3.625974025974026,6.450813449672167,3.725715043850829e-7,3.2898063837202813e-4,NA,AGTRAP/THBS1/PLAU/CYGB/CAV1/FZD4/ZFP36L1/DIO3/TGFB2/RYR2/HIF3A/ACE/KCNA5/ITGA2/TERC/NDRG1/MAP1LC3A/UCP2/STC2/ADM/ADA,21,F11,GFA,response to decreased oxygen levels,3.4828296610032865
GO:0009952,anterior/posterior pattern specification,17/281,206/13960,0.0825242718446602,4.099782330788101,6.423969012882983,9.185820307490596e-7,4.45905962926472e-4,NA,HOXB9/WT1/SOX17/WNT1/FOXA2/WNT3A/CDX2/HOXD13/ALX4/HOXD8/HOXC9/HOXB7/TBX3/BASP1/MLLT3/HOXB4/HES4,17,F7,GFA,anterior/posterior pattern specification,3.350756719960894
GO:0055123,digestive system development,14/281,137/13960,0.1021897810218978,5.076759227991792,6.872699119315824,6.710680117520661e-7,4.45905962926472e-4,NA,OVOL2/GATA5/IGF2/SOX17/MYOCD/NPY/CDX2/HOXD13/ALX4/DACT1/GATA6/HOXA13/PTF1A/CYP1A1,14,F7,GFA,digestive system development,3.350756719960894
GO:0002009,morphogenesis of an epithelium,27/281,467/13960,0.05781584582441113,2.8722747605294643,5.89830059437441,8.618467931086261e-7,4.45905962926472e-4,NA,HAND1/WT1/OVOL2/ADAMTS16/FOXQ1/AJAP1/SOX17/GREM1/FOXD1/NOTO/SLIT2/WNT1/CSF1/GDF7/WNT3A/HOXD13/TMEM59L/IRX2/CELSR1/IRX3/HOXB7/VDR/HAND2/HOXA13/TBX3/HOXB4/TFAP2A,27,F7,GFA,morphogenesis of an epithelium,3.350756719960894
GO:0086070,SA node cell to atrial cardiac muscle cell communication,5/275,11/13960,0.4545454545454546,23.074380165289256,10.382081237531851,1.1994937235618703e-6,5.183020699827438e-4,NA,SCN3B/TBX18/RYR2/KCNA5/CACNA1G,5,F11,GFA,"SA node cell to atrial cardiac muscle cell
communication",3.2854170566818115
GO:0086002,cardiac muscle cell action potential involved in contraction,9/275,56/13960,0.16071428571428573,8.15844155844156,7.60875705321584,1.3207017638291886e-6,5.183020699827438e-4,NA,SCN3B/FGF12/CAV1/KCND3/RYR2/KCNA5/KCNH2/CACNA1G/PKP2,9,F11,GFA,"cardiac muscle cell action potential involved in
contraction",3.2854170566818115
GO:0003015,heart process,18/275,238/13960,0.07563025210084033,3.8392666157372033,6.262634219847199,1.1436394105067764e-6,5.183020699827438e-4,NA,SCN3B/FGF12/NOX4/TBX18/CAV1/KCND3/TGFB2/RYR2/ACE/KCNA5/WWTR1/KCNH2/HEY2/CACNA1G/ISL1/PKP2/ADM/ADA,18,F11,GFA,heart process,3.2854170566818115
GO:0001666,response to hypoxia,20/275,281/13960,0.0711743772241993,3.6130702038175353,6.272608217403882,7.533768746096607e-7,5.183020699827438e-4,NA,AGTRAP/THBS1/PLAU/CYGB/CAV1/FZD4/ZFP36L1/DIO3/TGFB2/RYR2/HIF3A/ACE/KCNA5/ITGA2/TERC/NDRG1/UCP2/STC2/ADM/ADA,20,F11,GFA,response to hypoxia,3.2854170566818115
GO:0070482,response to oxygen levels,21/275,316/13960,0.06645569620253164,3.373532796317606,6.049772209387669,1.2113575415477364e-6,5.183020699827438e-4,NA,AGTRAP/THBS1/PLAU/CYGB/CAV1/FZD4/ZFP36L1/DIO3/TGFB2/RYR2/HIF3A/ACE/KCNA5/ITGA2/TERC/NDRG1/MAP1LC3A/UCP2/STC2/ADM/ADA,21,F11,GFA,response to oxygen levels,3.2854170566818115
GO:0061337,cardiac conduction,11/275,90/13960,0.12222222222222222,6.204444444444444,7.021477375570975,1.4890093834729818e-6,5.259181142426571e-4,NA,SCN3B/TBX18/CAV1/KCND3/RYR2/ACE/KCNA5/KCNH2/CACNA1G/ISL1/PKP2,11,F11,GFA,cardiac conduction,3.279081870486889
GO:0071280,cellular response to copper ion,6/275,21/13960,0.2857142857142857,14.503896103896103,8.778575040851118,2.341513934097331e-6,7.51838837748343e-4,NA,MT1X/MT1M/MT1E/MT1F/MAP1LC3A/SNCA,6,F11,GFA,cellular response to copper ion,3.1238752436872006
GO:0060911,cardiac cell fate commitment,5/281,12/13960,0.4166666666666667,20.69988137603796,9.784787616253803,2.2498014503597857e-6,8.494250364802835e-4,NA,WT1/SOX17/WNT3A/ISL1/TBX3,5,F7,GFA,cardiac cell fate commitment,3.0708749424918076
GO:0060562,epithelial tube morphogenesis,21/281,320/13960,0.065625,3.2602313167259784,5.862378174907096,2.0955961028521875e-6,8.494250364802835e-4,NA,HAND1/WT1/OVOL2/ADAMTS16/SOX17/GREM1/FOXD1/NOTO/SLIT2/WNT1/CSF1/GDF7/WNT3A/TMEM59L/IRX2/CELSR1/IRX3/HOXB7/VDR/HAND2/TBX3,21,F7,GFA,epithelial tube morphogenesis,3.0708749424918076
GO:0002768,immune response-regulating cell surface receptor signaling pathway,21/279,369/18986,0.05691056910569105,3.872774426668998,6.805580713164803,1.3982309691045597e-7,4.722975878998052e-4,NA,PRKD2/FCER1G/BCAR1/KLHL6/VAV2/SHB/CD160/NOD2/IFI35/LGALS3/BTLA/CEACAM1/SH2B2/LAT/TYROBP/HLA-A/BCL10/PLSCR1/CD200R1/PTPN22/FOXP1,21,F4,MOFA,"immune response-regulating cell surface receptor
signaling pathway",3.32578427242982
GO:0002285,lymphocyte activation involved in immune response,16/279,227/18986,0.07048458149779736,4.79648840257054,7.0274132586368365,2.6578367355081893e-7,4.722975878998052e-4,NA,FCER1G/CLCF1/LGALS1/SHB/CD160/LCP1/HLA-DMB/LGALS3/MFNG/CEACAM1/TYROBP/FOXP1/STAT5A/AP1G1/SPN/NLRP3,16,F4,MOFA,lymphocyte activation involved in immune response,3.32578427242982
GO:0002286,T cell activation involved in immune response,12/279,136/18986,0.08823529411764706,6.004427577482606,7.1527577210202065,8.053857172588812e-7,4.7705680652301066e-4,NA,FCER1G/LGALS1/SHB/LCP1/HLA-DMB/LGALS3/CEACAM1/TYROBP/FOXP1/STAT5A/SPN/NLRP3,12,F4,MOFA,T cell activation involved in immune response,3.321429903369612
GO:0002429,immune response-activating cell surface receptor signaling pathway,19/279,336/18986,0.05654761904761905,3.848075610172384,6.432607674865712,6.165970598477997e-7,4.7705680652301066e-4,NA,PRKD2/FCER1G/BCAR1/KLHL6/VAV2/SHB/CD160/NOD2/IFI35/LGALS3/CEACAM1/SH2B2/LAT/TYROBP/HLA-A/BCL10/PLSCR1/PTPN22/FOXP1,19,F4,MOFA,"immune response-activating cell surface receptor
signaling pathway",3.321429903369612
GO:0002697,regulation of immune effector process,21/279,410/18986,0.05121951219512195,3.485496984002098,6.213472733981412,7.906853962637488e-7,4.7705680652301066e-4,NA,RSAD2/CLCF1/LGALS1/TLR3/SHB/CD160/NOD2/HLA-DMB/LGALS3/CEACAM1/MYO18A/TYROBP/HLA-A/BCL10/SLAMF8/STAT5A/AP1G1/CFP/SPN/NLRP3/HLA-B,21,F4,MOFA,regulation of immune effector process,3.321429903369612
GO:1902105,regulation of leukocyte differentiation,19/279,337/18986,0.05637982195845697,3.836656988183742,6.4165166981127175,6.449043276811302e-7,4.7705680652301066e-4,NA,CCR1/LIF/CD101/LGALS1/MIR125B1/TLR3/SHB/CASP8/CEACAM1/FANCD2/TYROBP/CD2/SLAMF8/FOXP1/STAT5A/MMP14/KAT2A/NLRP3/HLA-B,19,F4,MOFA,regulation of leukocyte differentiation,3.321429903369612
GO:0002366,leukocyte activation involved in immune response,18/279,315/18986,0.05714285714285714,3.8885816692268302,6.313373275849392,1.0546777618990964e-6,5.354749665413412e-4,NA,FCER1G/CLCF1/LGALS1/SHB/CD160/LCP1/IFI35/HLA-DMB/LGALS3/MFNG/CEACAM1/LAT/TYROBP/FOXP1/STAT5A/AP1G1/SPN/NLRP3,18,F4,MOFA,leukocyte activation involved in immune response,3.2712608276278026
GO:0002263,cell activation involved in immune response,18/279,319/18986,0.05642633228840126,3.8398220244716352,6.246755820185559,1.2638168917057238e-6,5.614506541402678e-4,NA,FCER1G/CLCF1/LGALS1/SHB/CD160/LCP1/IFI35/HLA-DMB/LGALS3/MFNG/CEACAM1/LAT/TYROBP/FOXP1/STAT5A/AP1G1/SPN/NLRP3,18,F4,MOFA,cell activation involved in immune response,3.250688407837657
GO:1903555,regulation of tumor necrosis factor superfamily cytokine production,13/279,193/18986,0.06735751295336788,4.583690827715565,6.111058793504549,5.865435055176914e-6,0.00208457561860987,NA,CX3CL1/BPI/MIR125B1/TLR3/ARFGEF2/NOD2/ARHGEF2/TYROBP/BCL10/CD2/PTPN22/FOXP1/SPN,13,F4,MOFA,"regulation of tumor necrosis factor superfamily
cytokine production",2.680982346088495
GO:0071706,tumor necrosis factor superfamily cytokine production,13/279,193/18986,0.06735751295336788,4.583690827715565,6.111058793504549,5.865435055176914e-6,0.00208457561860987,NA,CX3CL1/BPI/MIR125B1/TLR3/ARFGEF2/NOD2/ARHGEF2/TYROBP/BCL10/CD2/PTPN22/FOXP1/SPN,13,F4,MOFA,tumor necrosis factor superfamily cytokine production,2.680982346088495
GO:1903706,regulation of hemopoiesis,20/279,433/18986,0.04618937644341801,3.143195344640625,5.509395657689842,6.918408329307793e-6,0.00223527483657817,NA,CCR1/LIF/CD101/LGALS1/MIR125B1/TLR3/SHB/CASP8/CEACAM1/FANCD2/TYROBP/CD2/SLAMF8/FOXP1/STAT5A/MMP14/KAT2A/LOX/NLRP3/HLA-B,20,F4,MOFA,regulation of hemopoiesis,2.6506690708894887
GO:0010038,response to metal ion,19/273,345/18986,0.05507246376811594,3.8300578648404735,6.407449252145553,6.608229399417258e-7,0.0022362248287628,NA,MT1M/KCNB1/MT1E/MT1F/UCP2/PAM/CRIP1/PPP2CB/NFATC4/RYR2/ACTA1/RASGRP2/THBS1/MT2A/CPNE5/FGG/GLRA1/CPNE2/PDX1,19,F5,MOFA,response to metal ion,2.6504845348721693
GO:0050727,regulation of inflammatory response,20/279,438/18986,0.045662100456621,3.107314119245184,5.4490791705042225,8.192610577099565e-6,0.00242637816591765,NA,CX3CL1/LGALS2/LGALS1/TLR3/AOAH/SERPINE1/NOD2/WFDC1/IFI35/MMP9/AIM2/FANCD2/CST7/CD200R1/SLAMF8/FOXP1/TRADD/GIT1/SPN/NLRP3,20,F4,MOFA,regulation of inflammatory response,2.6150415107356992
GO:0002699,positive regulation of immune effector process,15/279,272/18986,0.05514705882352941,3.752767235926629,5.58439281012979,1.291612393508515e-5,0.00353106957425327,NA,RSAD2/CLCF1/TLR3/SHB/CD160/NOD2/HLA-DMB/MYO18A/TYROBP/HLA-A/BCL10/AP1G1/CFP/NLRP3/HLA-B,15,F4,MOFA,positive regulation of immune effector process,2.452093725252933
GO:0050851,antigen receptor-mediated signaling pathway,13/279,212/18986,0.06132075471698113,4.172888347873132,5.673481495908523,1.6119248823734792e-5,0.00409198645139667,NA,PRKD2/BCAR1/KLHL6/SHB/CD160/LGALS3/CEACAM1/SH2B2/LAT/HLA-A/BCL10/PTPN22/FOXP1,13,F4,MOFA,antigen receptor-mediated signaling pathway,2.3880658129103676
GO:0170034,L-amino acid biosynthetic process,8/286,59/18986,0.13559322033898305,9.001303780964799,7.612256051760403,2.7395254973219223e-6,0.00447775442537268,NA,PYCR1/AASDHPPT/GLS/CTH/MTHFR/PLOD3/ASNS/SHMT2,8,F6,MOFA,L-amino acid biosynthetic process,2.3489397282268523
GO:0170038,proteinogenic amino acid biosynthetic process,8/286,58/18986,0.13793103448275862,9.156498673740051,7.693658709024937,2.3991040354314853e-6,0.00447775442537268,NA,PYCR1/AASDHPPT/GLS/CTH/MTHFR/PLOD3/ASNS/SHMT2,8,F6,MOFA,proteinogenic amino acid biosynthetic process,2.3489397282268523
GO:0032680,regulation of tumor necrosis factor production,12/279,188/18986,0.06382978723404255,4.343628460306565,5.626605215791906,2.2977396436417904e-5,0.00510385418343932,NA,CX3CL1/BPI/MIR125B1/TLR3/ARFGEF2/NOD2/ARHGEF2/TYROBP/CD2/PTPN22/FOXP1/SPN,12,F4,MOFA,regulation of tumor necrosis factor production,2.292101741855917
GO:0032640,tumor necrosis factor production,12/279,188/18986,0.06382978723404255,4.343628460306565,5.626605215791906,2.2977396436417904e-5,0.00510385418343932,NA,CX3CL1/BPI/MIR125B1/TLR3/ARFGEF2/NOD2/ARHGEF2/TYROBP/CD2/PTPN22/FOXP1/SPN,12,F4,MOFA,tumor necrosis factor production,2.292101741855917
GO:0003161,cardiac conduction system development,6/273,37/18986,0.16216216216216217,11.277695277695278,7.558199774648914,1.3374660075716251e-5,0.0059851957815257,NA,NPPB/GATA6/TBX18/TBX3/ISL1/MSX2,6,F5,MOFA,cardiac conduction system development,2.2229216388339115
