ID,Description,GeneRatio,BgRatio,RichFactor,FoldEnrichment,zScore,pvalue,p.adjust,qvalue,geneID,Count,Factor
GO:0007389,pattern specification process,37/281,428/13960,0.08644859813084112,4.294741743439651,9.92236975919144,5.735497913390969e-14,1.9489221909702514e-10,NA,EMX1/HOXB9/HAND1/WT1/OVOL2/GATA5/DBX1/SOX17/IRX4/GREM1/PITX2/FOXD1/MAFB/RAX/LMX1B/NOTO/WNT1/UNCX/FOXA2/WNT3A/CDX2/HOXD13/ALX4/HOXD8/HOXC9/IRX2/IRX3/HOXB7/HAND2/ISL1/TBX3/BASP1/MLLT3/SIM2/HOXB4/DMRT3/HES4,37,F7
GO:0003002,regionalization,33/281,387/13960,0.08527131782945736,4.236254793235675,9.253657122055664,2.1547795703250066e-12,3.660970489982186e-9,NA,EMX1/HOXB9/HAND1/WT1/OVOL2/GATA5/DBX1/SOX17/GREM1/PITX2/FOXD1/MAFB/LMX1B/NOTO/WNT1/FOXA2/WNT3A/CDX2/HOXD13/ALX4/HOXD8/HOXC9/IRX2/IRX3/HOXB7/HAND2/ISL1/TBX3/BASP1/MLLT3/HOXB4/DMRT3/HES4,33,F7
GO:0045165,cell fate commitment,23/281,280/13960,0.08214285714285714,4.080833756990341,7.463754912418849,1.1383431483026248e-8,1.289363339310773e-5,NA,WT1/GATA5/DBX1/SOX17/BHLHE23/BHLHE22/JAK1/MYOD1/WNT1/FOXA2/PPARG/GDF7/WNT3A/ISL1/GATA6/HOXA13/EYA2/TBX3/PTF1A/DMRT3/EBF2/WNT9A/IRF4,23,F7
GO:0001501,skeletal system development,29/281,486/13960,0.059670781893004114,2.9644274563214856,6.31769997303925,1.7039818923143662e-7,1.447532617521054e-4,NA,HOXB9/HAND1/DLX4/RUNX3/BBS2/GREM1/PITX2/EXT2/WNT1/UNCX/RYR1/DLX5/BARX2/HOXD13/ALX4/HOXD8/HOXC9/NPR3/HOXB7/VDR/HAND2/HOXA13/TBX3/HOXB4/KIAA1217/TFAP2A/WNT9A/PAX1/BMP3,29,F7
GO:0055123,digestive system development,14/281,137/13960,0.10218978102189781,5.076759227991792,6.872699119315824,6.710680117520661e-7,4.4590596292647203e-4,NA,OVOL2/GATA5/IGF2/SOX17/MYOCD/NPY/CDX2/HOXD13/ALX4/DACT1/GATA6/HOXA13/PTF1A/CYP1A1,14,F7
GO:0002009,morphogenesis of an epithelium,27/281,467/13960,0.057815845824411134,2.8722747605294643,5.89830059437441,8.618467931086261e-7,4.4590596292647203e-4,NA,HAND1/WT1/OVOL2/ADAMTS16/FOXQ1/AJAP1/SOX17/GREM1/FOXD1/NOTO/SLIT2/WNT1/CSF1/GDF7/WNT3A/HOXD13/TMEM59L/IRX2/CELSR1/IRX3/HOXB7/VDR/HAND2/HOXA13/TBX3/HOXB4/TFAP2A,27,F7
GO:0009952,anterior/posterior pattern specification,17/281,206/13960,0.0825242718446602,4.099782330788101,6.423969012882983,9.185820307490595e-7,4.4590596292647203e-4,NA,HOXB9/WT1/SOX17/WNT1/FOXA2/WNT3A/CDX2/HOXD13/ALX4/HOXD8/HOXC9/HOXB7/TBX3/BASP1/MLLT3/HOXB4/HES4,17,F7
GO:0060562,epithelial tube morphogenesis,21/281,320/13960,0.065625,3.2602313167259784,5.862378174907096,2.0955961028521875e-6,8.494250364802835e-4,NA,HAND1/WT1/OVOL2/ADAMTS16/SOX17/GREM1/FOXD1/NOTO/SLIT2/WNT1/CSF1/GDF7/WNT3A/TMEM59L/IRX2/CELSR1/IRX3/HOXB7/VDR/HAND2/TBX3,21,F7
GO:0060911,cardiac cell fate commitment,5/281,12/13960,0.4166666666666667,20.69988137603796,9.784787616253803,2.2498014503597857e-6,8.494250364802835e-4,NA,WT1/SOX17/WNT3A/ISL1/TBX3,5,F7
GO:0030900,forebrain development,23/281,385/13960,0.05974025974025974,2.967879095992975,5.611926790035491,3.3578313108271985e-6,0.001140991079419082,NA,EMX1/SLC6A3/KIF26A/BBS2/LMX1A/SLC32A1/PITX2/KCNA1/RAX/SLIT2/NPY/WNT1/UNCX/DLX5/GDF7/WNT3A/ISL1/TBX3/SSTR4/HTR5A/LHX5/CNTNAP2/SCN5A,23,F7
GO:0048732,gland development,24/281,422/13960,0.05687203791469194,2.8253866522743754,5.457414996140745,4.769952112660396e-6,0.0013074978387371458,NA,HOXB9/WT1/SLC6A3/IGF2/CEBPA/PITX2/MAFB/PCSK9/WNT1/CSF1/GDF7/WNT3A/HOXD13/VDR/HAND2/ISL1/GATA6/HOXA13/TBX3/PTF1A/LSR/CD2AP/ELF3/CYP1A1,24,F7
GO:0003161,cardiac conduction system development,7/281,35/13960,0.2,9.935943060498222,7.586298934363762,5.154985137024221e-6,0.0013074978387371458,NA,CACNA1G/IRX3/ISL1/GATA6/TBX3/MSC/SCN5A,7,F7
GO:0021515,cell differentiation in spinal cord,8/281,49/13960,0.16326530612244897,8.110973926937323,7.146626571710044,5.377134498908347e-6,0.0013074978387371458,NA,PHOX2A/DBX1/WNT1/GDF7/WNT3A/ISL1/DMRT3/LHX5,8,F7
GO:0061138,morphogenesis of a branching epithelium,15/281,186/13960,0.08064516129032258,4.006428653426702,5.916031442296838,5.38698344388465e-6,0.0013074978387371458,NA,WT1/ADAMTS16/GREM1/FOXD1/SLIT2/WNT1/CSF1/GDF7/HOXD13/TMEM59L/CELSR1/HOXB7/VDR/HOXA13/TBX3,15,F7
GO:0014706,striated muscle tissue development,22/281,376/13960,0.05851063829787234,2.9067918528053305,5.372006289385066,7.686437650076107e-6,0.0017412343423305742,NA,HAND1/WT1/GATA5/IGF2/GREM1/FGF3/MYOCD/MYOD1/RYR1/BARX2/WNT3A/RGS2/CACNA1G/IRX3/POPDC3/ISL1/GATA6/EYA2/TBX3/MSC/DSP/SCN5A,22,F7
GO:0007214,gamma-aminobutyric acid signaling pathway,6/281,26/13960,0.23076923076923078,11.464549685190256,7.65459917093924,1.0343569820240593e-5,0.002081194646222153,NA,GABRG3/HTR1A/GABRA1/GABRB2/GPR156/GABRD,6,F7
GO:0048565,digestive tract development,12/281,128/13960,0.09375,4.657473309608541,5.957949242881749,1.0412097994637022e-5,0.002081194646222153,NA,OVOL2/GATA5/SOX17/MYOCD/NPY/CDX2/HOXD13/ALX4/DACT1/GATA6/HOXA13/CYP1A1,12,F7
GO:0048738,cardiac muscle tissue development,16/281,224/13960,0.07142857142857142,3.5485510930350785,5.5111261426716025,1.234930928734628e-5,0.0023312751643557034,NA,HAND1/WT1/GATA5/GREM1/FGF3/MYOCD/WNT3A/RGS2/CACNA1G/IRX3/ISL1/GATA6/TBX3/MSC/DSP/SCN5A,16,F7
GO:0048754,branching morphogenesis of an epithelial tube,13/281,154/13960,0.08441558441558442,4.193742200859639,5.711884560974508,1.4043728248196597e-5,0.0024020078887112637,NA,WT1/ADAMTS16/GREM1/FOXD1/SLIT2/WNT1/CSF1/GDF7/TMEM59L/CELSR1/HOXB7/VDR/TBX3,13,F7
GO:0001763,morphogenesis of a branching structure,15/281,202/13960,0.07425742574257425,3.689087769986963,5.517675409759562,1.4602881425119424e-5,0.0024020078887112637,NA,WT1/ADAMTS16/GREM1/FOXD1/SLIT2/WNT1/CSF1/GDF7/HOXD13/TMEM59L/CELSR1/HOXB7/VDR/HOXA13/TBX3,15,F7
GO:0008015,blood circulation,25/281,482/13960,0.05186721991701245,2.576748719008875,5.049244705261661,1.4844663232176734e-5,0.0024020078887112637,NA,ATP2A3/FLI1/ADAMTS16/FAAH/BBS2/NTSR1/EPO/HTR1A/SLIT2/NPY/EXT2/DRD5/PPARG/ADRA2B/CALCA/RGS2/CACNA1G/NPR3/IRX3/ISL1/GATA6/DOCK5/DSP/SCN5A/ADRA2C,25,F7
GO:0048562,embryonic organ morphogenesis,18/281,281/13960,0.06405693950177936,3.182330517597295,5.296630168358265,1.5814233024253595e-5,0.002442580173473351,NA,HOXB9/HAND1/OVOL2/SOX17/MAFB/NOTO/POU4F3/WNT1/DLX5/WNT3A/ALX4/HOXC9/HOXB7/HAND2/TBX3/HOXB4/TFAP2A/TTC39C,18,F7
GO:0060537,muscle tissue development,22/281,397/13960,0.055415617128463476,2.753032082253915,5.0787913997791,1.798020937749443e-5,0.0025803415647431267,NA,HAND1/WT1/GATA5/IGF2/GREM1/FGF3/MYOCD/MYOD1/RYR1/BARX2/WNT3A/RGS2/CACNA1G/IRX3/POPDC3/ISL1/GATA6/EYA2/TBX3/MSC/DSP/SCN5A,22,F7
GO:0048568,embryonic organ development,23/281,428/13960,0.053738317757009345,2.6697043270030263,5.028443808694345,1.8875842757222343e-5,0.0025803415647431267,NA,HOXB9/HAND1/OVOL2/IGF2/PHLDA2/SOX17/CEBPA/PITX2/MAFB/NOTO/POU4F3/WNT1/DLX5/WNT3A/CDX2/ALX4/HOXC9/HOXB7/HAND2/TBX3/HOXB4/TFAP2A/TTC39C,23,F7
GO:0061448,connective tissue development,17/281,258/13960,0.06589147286821706,3.27346961295484,5.282751281231373,1.898426695661512e-5,0.0025803415647431267,NA,HAND1/WT1/RUNX3/BBS2/GREM1/FOXD1/EXT2/UNCX/PPARG/BARX2/CSF1/GDF7/HAND2/EBF2/WNT9A/BMP3/CD2AP,17,F7
GO:0035282,segmentation,10/281,95/13960,0.10526315789473684,5.229443716051695,5.92841031694083,2.0831823889559706e-5,0.002662169526695548,NA,WT1/MAFB/WNT3A/CDX2/HOXD8/IRX2/IRX3/TBX3/BASP1/MLLT3,10,F7
GO:0003205,cardiac chamber development,13/281,160/13960,0.08125,4.036476868327402,5.5366052981437095,2.1153201065562036e-5,0.002662169526695548,NA,HAND1/OVOL2/SLIT3/NPY5R/SLIT2/MYOCD/HAND2/ISL1/GATA6/HOXA13/TBX3/DSP/SCN5A,13,F7
GO:0021516,dorsal spinal cord development,5/281,18/13960,0.2777777777777778,13.79992091735864,7.788146971605556,2.2037888143751573e-5,0.0026744551397309946,NA,WNT1/UNCX/GDF7/WNT3A/LHX5,5,F7
GO:0072078,nephron tubule morphogenesis,9/281,77/13960,0.11688311688311688,5.806719970421038,6.06185664040386,2.3251422661724042e-5,0.0027244253173978722,NA,WT1/ADAMTS16/GREM1/FOXD1/WNT1/TMEM59L/IRX2/IRX3/HOXB7,9,F7
GO:0072009,nephron epithelium development,11/281,118/13960,0.09322033898305085,4.631159901079679,5.677277123484214,2.5693283945469543e-5,0.002910192628223517,NA,WT1/ADAMTS16/GREM1/FOXD1/WNT1/TMEM59L/IRX2/IRX3/HOXB7/BASP1/CD2AP,11,F7
GO:0060993,kidney morphogenesis,10/281,98/13960,0.10204081632653061,5.069358704335827,5.79400950022701,2.7383555151703282e-5,0.0029831186180357787,NA,WT1/ADAMTS16/GREM1/FOXD1/WNT1/TMEM59L/IRX2/IRX3/HOXB7/BASP1,10,F7
GO:0072088,nephron epithelium morphogenesis,9/281,79/13960,0.11392405063291139,5.6597144015496195,5.952722076940511,2.8641170479286726e-5,0.0029831186180357787,NA,WT1/ADAMTS16/GREM1/FOXD1/WNT1/TMEM59L/IRX2/IRX3/HOXB7,9,F7
GO:0021953,central nervous system neuron differentiation,14/281,189/13960,0.07407407407407407,3.6799789112956365,5.316583980140077,2.8970840022124985e-5,0.0029831186180357787,NA,EMX1/PHOX2A/DBX1/LMX1A/SLIT2/NPY/WNT1/UNCX/DLX5/GDF7/WNT3A/ISL1/DMRT3/LHX5,14,F7
GO:0061333,renal tubule morphogenesis,9/281,81/13960,0.1111111111111111,5.519968366943456,5.847253947735778,3.505471590339102e-5,0.0033130042303076324,NA,WT1/ADAMTS16/GREM1/FOXD1/WNT1/TMEM59L/IRX2/IRX3/HOXB7,9,F7
GO:0072028,nephron morphogenesis,9/281,81/13960,0.1111111111111111,5.519968366943456,5.847253947735778,3.505471590339102e-5,0.0033130042303076324,NA,WT1/ADAMTS16/GREM1/FOXD1/WNT1/TMEM59L/IRX2/IRX3/HOXB7,9,F7
GO:0003231,cardiac ventricle development,11/281,122/13960,0.09016393442622951,4.479318592847559,5.532107221566181,3.509951509448934e-5,0.0033130042303076324,NA,HAND1/SLIT3/NPY5R/SLIT2/MYOCD/HAND2/ISL1/HOXA13/TBX3/DSP/SCN5A,11,F7
GO:0035051,cardiocyte differentiation,12/281,146/13960,0.0821917808219178,4.083264271437624,5.367605524960941,3.9189051751276476e-5,0.003599037779752364,NA,WT1/SOX17/GREM1/PITX2/MYOCD/WNT3A/RGS2/IRX3/HAND2/ISL1/GATA6/TBX3,12,F7
GO:0051146,striated muscle cell differentiation,17/281,275/13960,0.06181818181818182,3.0711096732449046,4.971645819756861,4.278112307992707e-5,0.0038068346037101707,NA,WT1/IGF2/GREM1/MYOCD/MYOD1/WNT1/RYR1/BARX2/WNT3A/RGS2/IRX3/POPDC3/ISL1/GATA6/TBX3/DOCK5/KCNH1,17,F7
GO:0007188,adenylate cyclase-modulating G protein-coupled receptor signaling pathway,15/281,222/13960,0.06756756756756757,3.3567375204385885,5.073166150478548,4.413038010909645e-5,0.0038068346037101707,NA,HTR1E/OPRK1/HTR1A/ADCYAP1/DRD5/ADRA2B/CALCA/RGS2/CRHR2/CALCR/VIPR1/SSTR4/PTGER2/HTR5A/ADRA2C,15,F7
GO:0072073,kidney epithelium development,12/281,148/13960,0.08108108108108109,4.028085024526305,5.307912769844776,4.481264983767123e-5,0.0038068346037101707,NA,WT1/ADAMTS16/GREM1/FOXD1/SLIT2/WNT1/TMEM59L/IRX2/IRX3/HOXB7/BASP1/CD2AP,12,F7
GO:0003163,sinoatrial node development,4/281,11/13960,0.36363636363636365,18.065351019087675,8.115086810235166,4.743557814202628e-5,0.003931368159185495,NA,CACNA1G/ISL1/GATA6/TBX3,4,F7
GO:0003007,heart morphogenesis,16/281,252/13960,0.06349206349206349,3.154267638253403,4.946135602858291,5.227509080757937e-5,0.004229303775337016,NA,HAND1/OVOL2/GATA5/SLIT3/SOX17/PITX2/NPY5R/NOTO/SLIT2/RYR1/WNT3A/HAND2/ISL1/GATA6/TBX3/DSP,16,F7
GO:0048706,embryonic skeletal system development,11/281,129/13960,0.08527131782945736,4.236254793235675,5.2925370868506185,5.8772340937184e-5,0.004644381732663982,NA,HOXB9/DLX4/DLX5/ALX4/HOXC9/HOXB7/HAND2/HOXB4/KIAA1217/TFAP2A/WNT9A,11,F7
GO:0009880,embryonic pattern specification,8/281,68/13960,0.11764705882352941,5.844672388528365,5.739705662027669,6.333646042412407e-5,0.004891302102753945,NA,WT1/NOTO/WNT1/CDX2/HOXD8/TBX3/BASP1/SIM2,8,F7
GO:0021527,spinal cord association neuron differentiation,4/281,12/13960,0.3333333333333333,16.559905100830367,7.728491549491247,7.002846648785957e-5,0.0052879273139054845,NA,WNT1/GDF7/WNT3A/LHX5,4,F7
GO:0009798,axis specification,9/281,90/13960,0.1,4.967971530249111,5.412584761069076,8.105611610128438e-5,0.005987580054612267,NA,WT1/IRX4/PITX2/WNT1/FOXA2/CDX2/HOXD8/TBX3/BASP1,9,F7
GO:0006940,regulation of smooth muscle contraction,7/281,54/13960,0.12962962962962962,6.439963094767365,5.740435738758257,9.795017423243156e-5,0.007081589192378775,NA,SPHK1/MYOCD/ADRA2B/CALCA/RGS2/DOCK5/ADRA2C,7,F7
GO:0071542,dopaminergic neuron differentiation,6/281,38/13960,0.15789473684210525,7.844165574077541,6.055006725282803,1.0126267232704723e-4,0.0071685533451522196,NA,PHOX2A/LMX1A/LMX1B/WNT1/FOXA2/WNT3A,6,F7
GO:0021510,spinal cord development,9/281,96/13960,0.09375,4.657473309608541,5.153777272789466,1.3397546725342062e-4,0.00925102592827772,NA,PHOX2A/DBX1/WNT1/UNCX/GDF7/WNT3A/ISL1/DMRT3/LHX5,9,F7
GO:0001709,cell fate determination,6/281,40/13960,0.15,7.451957295373665,5.856727274001257,1.3612457222303886e-4,0.00925102592827772,NA,SOX17/MYOD1/WNT1/ISL1/GATA6/EBF2,6,F7
GO:0007218,neuropeptide signaling pathway,9/281,97/13960,0.09278350515463918,4.60945812084969,5.112724620281403,1.4511789251666225e-4,0.009482896130223429,NA,OPRK1/NTSR1/ADCYAP1/NPY5R/NPBWR1/NPY/RXFP3/CALCA/SSTR4,9,F7
GO:0072080,nephron tubule development,9/281,97/13960,0.09278350515463918,4.60945812084969,5.112724620281403,1.4511789251666225e-4,0.009482896130223429,NA,WT1/ADAMTS16/GREM1/FOXD1/WNT1/TMEM59L/IRX2/IRX3/HOXB7,9,F7
GO:0021761,limbic system development,10/281,120/13960,0.08333333333333333,4.139976275207592,4.951104393082519,1.5398131279524527e-4,0.009872235865627235,NA,BBS2/LMX1A/SLC32A1/KCNA1/RAX/WNT3A/TBX3/HTR5A/LHX5/CNTNAP2,10,F7
GO:2000027,regulation of animal organ morphogenesis,8/281,78/13960,0.10256410256410256,5.095355415640113,5.198356000750533,1.6891576041801635e-4,0.009929993134717655,NA,WT1/GATA5/AJAP1/GREM1/CSF1/WNT3A/HOXB7/DMRT3,8,F7
GO:0001657,ureteric bud development,9/281,99/13960,0.09090909090909091,4.516337754771919,5.032271198756146,0.00016973323814663447,0.009929993134717655,NA,WT1/ADAMTS16/GREM1/FOXD1/SLIT2/WNT1/TMEM59L/HOXB7/BASP1,9,F7
GO:0003206,cardiac chamber morphogenesis,10/281,122/13960,0.08196721311475409,4.072107811679598,4.884643172763687,1.7651655473888275e-4,0.009929993134717655,NA,HAND1/OVOL2/SLIT3/NPY5R/SLIT2/HAND2/ISL1/GATA6/TBX3/DSP,10,F7
GO:0072001,renal system development,17/281,309/13960,0.05501618122977346,2.733188220525401,4.415662521589108,1.7807827996288127e-4,0.009929993134717655,NA,WT1/ADAMTS16/SOX17/GREM1/FOXD1/PCSK9/SLIT2/MYOCD/WNT1/TMEM59L/IRX2/IRX3/HOXB7/BASP1/OVOL1/TFAP2A/CD2AP,17,F7
GO:0048736,appendage development,12/281,171/13960,0.07017543859649122,3.48629581070113,4.688539793667801,1.7942631997555883e-4,0.009929993134717655,NA,GREM1/PITX2/RAX/AFF3/DLX5/HOXD13/ALX4/HAND2/HOXA13/TBX3/RSPO4/TFAP2A,12,F7
GO:0060173,limb development,12/281,171/13960,0.07017543859649122,3.48629581070113,4.688539793667801,1.7942631997555883e-4,0.009929993134717655,NA,GREM1/PITX2/RAX/AFF3/DLX5/HOXD13/ALX4/HAND2/HOXA13/TBX3/RSPO4/TFAP2A,12,F7
GO:0006939,smooth muscle contraction,9/281,100/13960,0.09,4.471174377224199,4.992843518957958,1.832888620979991e-4,0.009929993134717655,NA,SPHK1/BBS2/MYOCD/ADRA2B/CALCA/RGS2/TBX3/DOCK5/ADRA2C,9,F7
GO:0072163,mesonephric epithelium development,9/281,100/13960,0.09,4.471174377224199,4.992843518957958,1.832888620979991e-4,0.009929993134717655,NA,WT1/ADAMTS16/GREM1/FOXD1/SLIT2/WNT1/TMEM59L/HOXB7/BASP1,9,F7
GO:0072164,mesonephric tubule development,9/281,100/13960,0.09,4.471174377224199,4.992843518957958,1.832888620979991e-4,0.009929993134717655,NA,WT1/ADAMTS16/GREM1/FOXD1/SLIT2/WNT1/TMEM59L/HOXB7/BASP1,9,F7
GO:0042693,muscle cell fate commitment,4/281,15/13960,0.26666666666666666,13.247924080664294,6.802240687186771,1.8410522880730202e-4,0.009929993134717655,NA,WT1/MYOD1/WNT3A/TBX3,4,F7
GO:0001658,branching involved in ureteric bud morphogenesis,7/281,60/13960,0.11666666666666667,5.795966785290629,5.335775278856153,1.927425566104378e-4,0.010233425115035432,NA,WT1/ADAMTS16/GREM1/FOXD1/WNT1/TMEM59L/HOXB7,7,F7
GO:0061326,renal tubule development,9/281,101/13960,0.0891089108910891,4.426905323984355,4.9539313564069944,1.9773407652888731e-4,0.010336929108387063,NA,WT1/ADAMTS16/GREM1/FOXD1/WNT1/TMEM59L/IRX2/IRX3/HOXB7,9,F7
GO:0003151,outflow tract morphogenesis,8/281,80/13960,0.1,4.967971530249111,5.101195251167288,2.0172251712823982e-4,0.01038565323032968,NA,SOX17/PITX2/NPY5R/RYR1/HAND2/ISL1/GATA6/TBX3,8,F7
GO:0021537,telencephalon development,15/281,255/13960,0.058823529411764705,2.9223361942641826,4.440307553328576,2.0803046060307562e-4,0.010546612212137456,NA,EMX1/KIF26A/BBS2/LMX1A/SLC32A1/KCNA1/SLIT2/NPY/UNCX/DLX5/WNT3A/HTR5A/LHX5/CNTNAP2/SCN5A,15,F7
GO:0021543,pallium development,12/281,174/13960,0.06896551724137931,3.4261872622407656,4.615650795784997,2.1105639506337464e-4,0.010546612212137456,NA,EMX1/KIF26A/BBS2/LMX1A/SLC32A1/KCNA1/SLIT2/NPY/WNT3A/HTR5A/LHX5/CNTNAP2,12,F7
GO:0002092,positive regulation of receptor internalization,5/281,28/13960,0.17857142857142858,8.871377732587698,5.9755264824359315,2.143540825667047e-4,0.010556161921183516,NA,GREM1/PCSK9/WNT3A/PLCG2/NTF3,5,F7
GO:0035050,embryonic heart tube development,8/281,81/13960,0.09876543209876543,4.906638548394183,5.053820252711609,2.1998748164603124e-4,0.010678820894760202,NA,HAND1/OVOL2/SOX17/PITX2/NOTO/WNT3A/HAND2/TBX3,8,F7
GO:0043410,positive regulation of MAPK cascade,20/281,408/13960,0.049019607843137254,2.4352801618868187,4.217141817102046,2.3021717176339822e-4,0.011017999290873621,NA,IGF2/SPHK1/OPRK1/EPO/IGFBP3/ADCYAP1/NPY5R/FGF3/FZD10/RNF13/DRD5/ADRA2B/PLCG2/CALCR/NTF3/HAND2/FLT1/IL34/SSTR4/ADRA2C,20,F7
GO:0007351,tripartite regional subdivision,4/281,16/13960,0.25,12.419928825622776,6.550626537643443,2.4160270749233484e-4,0.011094135135931807,NA,WT1/HOXD8/TBX3/BASP1,4,F7
GO:0007379,segment specification,4/281,16/13960,0.25,12.419928825622776,6.550626537643443,2.4160270749233484e-4,0.011094135135931807,NA,MAFB/IRX2/IRX3/MLLT3,4,F7
GO:0008595,"anterior/posterior axis specification, embryo",4/281,16/13960,0.25,12.419928825622776,6.550626537643443,2.4160270749233484e-4,0.011094135135931807,NA,WT1/HOXD8/TBX3/BASP1,4,F7
GO:0001823,mesonephros development,9/281,104/13960,0.08653846153846154,4.299206131946345,4.84016672768011,2.468661628936761e-4,0.011184682953502816,NA,WT1/ADAMTS16/GREM1/FOXD1/SLIT2/WNT1/TMEM59L/HOXB7/BASP1,9,F7
GO:0072006,nephron development,11/281,153/13960,0.0718954248366013,3.5717442374340007,4.584341555163308,2.6937126471666517e-4,0.01204373101983195,NA,WT1/ADAMTS16/GREM1/FOXD1/WNT1/TMEM59L/IRX2/IRX3/HOXB7/BASP1/CD2AP,11,F7
GO:0001947,heart looping,7/281,64/13960,0.109375,5.4337188612099645,5.095260286644596,2.8952682040128236e-4,0.012776780983422824,NA,HAND1/OVOL2/SOX17/NOTO/WNT3A/HAND2/TBX3,7,F7
GO:0001708,cell fate specification,9/281,107/13960,0.08411214953271028,4.178667642265606,4.730621829417416,3.057224535884768e-4,0.013318524324277489,NA,DBX1/SOX17/FOXA2/WNT3A/ISL1/HOXA13/EYA2/TBX3/DMRT3,9,F7
GO:0060021,roof of mouth development,8/281,87/13960,0.09195402298850575,4.5682496829876875,4.785009538647474,3.602550358760389e-4,0.015495526732997216,NA,MMP25/DLX5/WNT3A/ALX4/HAND2/TBX3/MSC/TFAP2A,8,F7
GO:0001822,kidney development,16/281,299/13960,0.05351170568561873,2.658446303812233,4.154788319970556,3.746847565584121e-4,0.01567169968953247,NA,WT1/ADAMTS16/SOX17/GREM1/FOXD1/PCSK9/SLIT2/WNT1/TMEM59L/IRX2/IRX3/HOXB7/BASP1/OVOL1/TFAP2A/CD2AP,16,F7
GO:0035296,regulation of tube diameter,10/281,134/13960,0.07462686567164178,3.7074414404844105,4.513530003024366,3.781869848562868e-4,0.01567169968953247,NA,FAAH/BBS2/HTR1A/EXT2/DRD5/ADRA2B/CALCA/RGS2/DOCK5/ADRA2C,10,F7
GO:0097746,blood vessel diameter maintenance,10/281,134/13960,0.07462686567164178,3.7074414404844105,4.513530003024366,3.781869848562868e-4,0.01567169968953247,NA,FAAH/BBS2/HTR1A/EXT2/DRD5/ADRA2B/CALCA/RGS2/DOCK5/ADRA2C,10,F7
GO:0060675,ureteric bud morphogenesis,7/281,67/13960,0.1044776119402985,5.190418016678175,4.927763661464113,3.8505921077400354e-4,0.01576423130373571,NA,WT1/ADAMTS16/GREM1/FOXD1/WNT1/TMEM59L/HOXB7,7,F7
GO:0035150,regulation of tube size,10/281,135/13960,0.07407407407407407,3.6799789112956365,4.484549578210075,4.0133042208130663e-4,0.016234771121812853,NA,FAAH/BBS2/HTR1A/EXT2/DRD5/ADRA2B/CALCA/RGS2/DOCK5/ADRA2C,10,F7
GO:0071772,response to BMP,11/281,161/13960,0.06832298136645963,3.394266262903119,4.379401023340181,4.1740814767874854e-4,0.016294113344008244,NA,GATA5/GREM1/FOXD1/WNT1/PPARG/DLX5/GDF7/GATA6/FSTL4/HOXA13/VSTM2A,11,F7
GO:0071773,cellular response to BMP stimulus,11/281,161/13960,0.06832298136645963,3.394266262903119,4.379401023340181,4.1740814767874854e-4,0.016294113344008244,NA,GATA5/GREM1/FOXD1/WNT1/PPARG/DLX5/GDF7/GATA6/FSTL4/HOXA13/VSTM2A,11,F7
GO:0061371,determination of heart left/right asymmetry,7/281,68/13960,0.10294117647058823,5.114088339962319,4.874149219022157,4.219782149125148e-4,0.016294113344008244,NA,HAND1/OVOL2/SOX17/NOTO/WNT3A/HAND2/TBX3,7,F7
GO:0072171,mesonephric tubule morphogenesis,7/281,68/13960,0.10294117647058823,5.114088339962319,4.874149219022157,4.219782149125148e-4,0.016294113344008244,NA,WT1/ADAMTS16/GREM1/FOXD1/WNT1/TMEM59L/HOXB7,7,F7
GO:0030326,embryonic limb morphogenesis,9/281,113/13960,0.07964601769911504,3.956791484269203,4.523089831394807,4.5847031924187506e-4,0.017309801608709905,NA,GREM1/AFF3/DLX5/HOXD13/ALX4/HAND2/HOXA13/TBX3/TFAP2A,9,F7
GO:0035113,embryonic appendage morphogenesis,9/281,113/13960,0.07964601769911504,3.956791484269203,4.523089831394807,4.5847031924187506e-4,0.017309801608709905,NA,GREM1/AFF3/DLX5/HOXD13/ALX4/HAND2/HOXA13/TBX3/TFAP2A,9,F7
GO:0050873,brown fat cell differentiation,6/281,50/13960,0.12,5.9615658362989326,5.037248015841079,4.76279578691273e-4,0.017784593498823578,NA,CEBPA/RGS2/VSTM2A/ADIG/SLC7A10/EBF2,6,F7
GO:0003143,embryonic heart tube morphogenesis,7/281,70/13960,0.1,4.967971530249111,4.770013228131008,5.042873371962927e-4,0.01862574317166307,NA,HAND1/OVOL2/SOX17/NOTO/WNT3A/HAND2/TBX3,7,F7
GO:0090257,regulation of muscle system process,13/281,220/13960,0.05909090909090909,2.935619540601747,4.147545037291693,5.233876247304552e-4,0.018758322461642052,NA,GATA5/SPHK1/KCNA1/MYOCD/PPARG/ADRA2B/CALCA/RGS2/HAND2/DOCK5/DSP/SCN5A/ADRA2C,13,F7
GO:0021675,nerve development,8/281,92/13960,0.08695652173913043,4.319975243694878,4.57904573531621,5.263690810168543e-4,0.018758322461642052,NA,PHOX2A/MAFB/KCNA1/POU4F3/GABRB2/NTF3/ISL1/TFAP2A,8,F7
GO:0003018,vascular process in circulatory system,14/281,249/13960,0.05622489959839357,2.793237004959339,4.092191408592435,5.304894029422512e-4,0.018758322461642052,NA,ATP2A3/FAAH/BBS2/HTR1A/SLIT2/EXT2/ABCC3/DRD5/SLC22A8/ADRA2B/CALCA/RGS2/DOCK5/ADRA2C,14,F7
GO:0007187,"G protein-coupled receptor signaling pathway, coupled to cyclic nucleotide second messenger",6/281,51/13960,0.11764705882352941,5.844672388528365,4.967692296059142,5.307951772549845e-4,0.018758322461642052,NA,HTR1E/HTR1A/NPY/VIPR1/SSTR4/HTR5A,6,F7
GO:0061008,hepaticobiliary system development,10/281,140/13960,0.07142857142857142,3.5485510930350785,4.3436665641654155,5.354788931074982e-4,0.018758322461642052,NA,SOX17/CEBPA/PCSK9/WNT1/WNT3A/GATA6/TBX3/LSR/CD2AP/CYP1A1,10,F7
GO:0009954,proximal/distal pattern formation,5/281,34/13960,0.14705882352941177,7.305840485660457,5.276213762725352,5.499151024766904e-4,0.01887486382036156,NA,HOXB9/GREM1/HOXC9/IRX2/IRX3,5,F7
GO:0090183,regulation of kidney development,5/281,34/13960,0.14705882352941177,7.305840485660457,5.276213762725352,5.499151024766904e-4,0.01887486382036156,NA,WT1/GREM1/FOXD1/HOXB7/BASP1,5,F7
GO:0055007,cardiac muscle cell differentiation,9/281,116/13960,0.07758620689655173,3.8544606700208615,4.424614126664348,5.556306731840053e-4,0.0188803302747925,NA,WT1/GREM1/MYOCD/WNT3A/RGS2/IRX3/ISL1/GATA6/TBX3,9,F7
GO:0010817,regulation of hormone levels,21/281,471/13960,0.044585987261146494,2.2150191536142527,3.8446502618419873,5.709485423484515e-4,0.01920874402871325,NA,DHRS7/OPRK1/FOXD1/HTR1A/ADCYAP1/PCSK2/FOXA2/PPARG/FDX1/DUOXA2/DUOX2/DOC2B/CRY2/ISL1/TBX3/RAB11FIP1/GFI1/VGF/F2RL2/ADRA2C/CYP1A1,21,F7
GO:0042692,muscle cell differentiation,18/281,374/13960,0.0481283422459893,2.391002340761604,3.908147943110465,5.850462018274258e-4,0.01927846735816706,NA,WT1/IGF2/GREM1/MYOCD/MYOD1/WNT1/RYR1/BARX2/WNT3A/RGS2/IRX3/POPDC3/ISL1/GATA6/TBX3/DOCK5/PRDM6/KCNH1,18,F7
GO:0009948,anterior/posterior axis specification,6/281,52/13960,0.11538461538461539,5.732274842595128,4.899958811342938,5.900413788255957e-4,0.01927846735816706,NA,WT1/FOXA2/CDX2/HOXD8/TBX3/BASP1,6,F7
GO:0060986,endocrine hormone secretion,6/281,52/13960,0.11538461538461539,5.732274842595128,4.899958811342938,5.900413788255957e-4,0.01927846735816706,NA,OPRK1/FOXD1/PPARG/CRY2/TBX3/RAB11FIP1,6,F7
GO:0048663,neuron fate commitment,7/281,72/13960,0.09722222222222222,4.829972321075524,4.6697665340843315,5.989038867213433e-4,0.019312041990283836,NA,DBX1/BHLHE23/BHLHE22/WNT1/ISL1/PTF1A/DMRT3,7,F7
GO:0003228,atrial cardiac muscle tissue development,4/281,20/13960,0.2,9.935943060498222,5.731616741809084,6.036108144058888e-4,0.019312041990283836,NA,CACNA1G/ISL1/GATA6/TBX3,4,F7
GO:0042472,inner ear morphogenesis,8/281,94/13960,0.0851063829787234,4.228060876807754,4.500732318491285,6.081190385404269e-4,0.019312041990283836,NA,MAFB/POU4F3/WNT1/DLX5/WNT3A/TBX3/TFAP2A/TTC39C,8,F7
GO:0023061,signal release,20/281,441/13960,0.045351473922902494,2.2530483130381453,3.832374710793802,6.233677297005769e-4,0.019440336082876118,NA,OPRK1/SLC32A1/FOXD1/HTR1A/ADCYAP1/DYSF/FOXA2/PPARG/ADRA2B/SV2C/DOC2B/SLC18A3/CRY2/ISL1/TBX3/RAB11FIP1/VGF/F2RL2/ADRA2C/STX2,20,F7
GO:0009799,specification of symmetry,9/281,118/13960,0.07627118644067797,3.789130828156101,4.3607742639994935,6.293222392926348e-4,0.019440336082876118,NA,HAND1/OVOL2/SOX17/GREM1/PITX2/NOTO/WNT3A/HAND2/TBX3,9,F7
GO:0009855,determination of bilateral symmetry,9/281,118/13960,0.07627118644067797,3.789130828156101,4.3607742639994935,6.293222392926348e-4,0.019440336082876118,NA,HAND1/OVOL2/SOX17/GREM1/PITX2/NOTO/WNT3A/HAND2/TBX3,9,F7
GO:0007498,mesoderm development,9/281,119/13960,0.07563025210084033,3.757289392625377,4.329375301838791,6.690585489012851e-4,0.020481630172671773,NA,HAND1/HCK/EXT2/WNT3A/IRX3/EYA2/TBX3/OVOL1/IKZF3,9,F7
GO:0007350,blastoderm segmentation,4/281,21/13960,0.19047619047619047,9.462802914760209,5.562387034727667,7.339170033752824e-4,0.022266517655975086,NA,WT1/HOXD8/TBX3/BASP1,4,F7
GO:0003012,muscle system process,19/281,416/13960,0.04567307692307692,2.2690254585272376,3.7661417879742536,7.809065049749899e-4,0.02348248056553111,NA,GATA5/SPHK1/BBS2/KCNA1/MYOCD/MYOD1/RYR1/PPARG/ADRA2B/CALCA/RGS2/CACNA1G/HAND2/GATA6/TBX3/DOCK5/DSP/SCN5A/ADRA2C,19,F7
GO:0051952,regulation of amine transport,7/281,76/13960,0.09210526315789473,4.575763251545233,4.479931662146211,8.302300481696087e-4,0.024746681611230968,NA,OPRK1/NTSR1/NPY5R/ADRA2B/RGS2/SLC18A3/ADRA2C,7,F7
GO:0021603,cranial nerve formation,3/281,10/13960,0.3,14.90391459074733,6.3038101668281845,8.718912996228058e-4,0.025322108001011062,NA,PHOX2A/MAFB/TFAP2A,3,F7
GO:0032275,luteinizing hormone secretion,3/281,10/13960,0.3,14.90391459074733,6.3038101668281845,8.718912996228058e-4,0.025322108001011062,NA,OPRK1/FOXD1/TBX3,3,F7
GO:0045986,negative regulation of smooth muscle contraction,3/281,10/13960,0.3,14.90391459074733,6.3038101668281845,8.718912996228058e-4,0.025322108001011062,NA,CALCA/RGS2/DOCK5,3,F7
GO:0048839,inner ear development,11/281,176/13960,0.0625,3.104982206405694,4.027821998646175,8.797783472739714e-4,0.02533463410200809,NA,CEBPA/MAFB/POU4F3/WNT1/DLX5/WNT3A/GABRB2/HOXA13/TBX3/TFAP2A/TTC39C,11,F7
GO:0000578,embryonic axis specification,5/281,38/13960,0.13157894736842105,6.536804645064618,4.898389584469088,9.290283579551834e-4,0.02652805344816566,NA,WT1/WNT1/HOXD8/TBX3/BASP1,5,F7
GO:0001503,ossification,18/281,390/13960,0.046153846153846156,2.292909937038051,3.711622440883451,9.488163825051316e-4,0.02686731723127031,NA,RUNX3/IGF2/CEBPA/IGFBP3/GREM1/EXT2/TWIST2/RYR1/PPARG/DLX5/CSF1/WNT3A/CALCA/CALCR/VDR/HAND2/TFAP2A/BMP3,18,F7
GO:0007517,muscle organ development,16/281,327/13960,0.04892966360856269,2.4308117579200537,3.7524403574958396,9.841238622010657e-4,0.02763680069222497,NA,HAND1/WT1/IGF2/MKX/FGF3/MYOCD/MYOD1/RYR1/BARX2/WNT3A/ALX4/POPDC3/ISL1/BASP1/MSC/DSP,16,F7
GO:0030539,male genitalia development,4/281,23/13960,0.17391304347826086,8.639950487389756,5.2556078279440195,0.0010520206045409061,0.029301360772377043,NA,WT1/HOXD13/HOXA13/TBX3,4,F7
GO:0042310,vasoconstriction,7/281,80/13960,0.0875,4.346975088967971,4.302846756702093,0.001126969624817832,0.031133681179926775,NA,FAAH/BBS2/HTR1A/DRD5/ADRA2B/DOCK5/ADRA2C,7,F7
GO:0006937,regulation of muscle contraction,10/281,155/13960,0.06451612903225806,3.2051429227413615,3.95674010731749,0.0011768129915309033,0.03185118523186652,NA,SPHK1/KCNA1/MYOCD/ADRA2B/CALCA/RGS2/DOCK5/DSP/SCN5A/ADRA2C,10,F7
GO:0021889,olfactory bulb interneuron differentiation,3/281,11/13960,0.2727272727272727,13.549013264315754,5.967432601228683,0.0011810621951780995,0.03185118523186652,NA,SLIT2/UNCX/DLX5,3,F7
GO:0060379,cardiac muscle cell myoblast differentiation,3/281,11/13960,0.2727272727272727,13.549013264315754,5.967432601228683,0.0011810621951780995,0.03185118523186652,NA,GREM1/MYOCD/ISL1,3,F7
GO:0072091,regulation of stem cell proliferation,7/281,82/13960,0.08536585365853659,4.240951306310216,4.21860758756789,0.0013035952054762726,0.03487887014337302,NA,OVOL2/SOX17/CEBPA/WNT1/TBX3/TERT/OVOL1,7,F7
GO:0021545,cranial nerve development,6/281,61/13960,0.09836065573770492,4.8865293740155185,4.360017508410694,0.0013840073416232933,0.036741069897155865,NA,PHOX2A/MAFB/KCNA1/POU4F3/ISL1/TFAP2A,6,F7
GO:0050886,endocrine process,7/281,83/13960,0.08433734939759036,4.189855507439009,4.177489835741833,0.001399661089368547,0.036868592106002504,NA,OPRK1/FOXD1/DRD5/PPARG/CRY2/TBX3/RAB11FIP1,7,F7
GO:0060575,intestinal epithelial cell differentiation,4/281,25/13960,0.16,7.948754448398576,4.983983796181501,0.0014561213038401936,0.038060770695761366,NA,GATA5/NPY/CDX2/GATA6,4,F7
GO:0010038,response to metal ion,15/281,309/13960,0.04854368932038835,2.4116366651694707,3.596442119021726,0.0015209172569090662,0.039450968236465704,NA,SLC6A3/SLC30A2/CPNE7/CEBPA/KCNA1/RYR1/PLCG2/SLC30A3/CACNA1G/TERT/ITPR3/TFAP2A/SCN5A/KCNH1/CYP1A1,15,F7
GO:0001878,response to yeast,3/281,12/13960,0.25,12.419928825622776,5.672195482728691,0.0015514067714081797,0.0397500413748769,NA,NPY/PLCG2/CALCA,3,F7
GO:0045444,fat cell differentiation,12/281,218/13960,0.05504587155963303,2.734663227660061,3.699743242933232,0.0015675413608691891,0.0397500413748769,NA,BBS2/CEBPA/MAFB/WNT1/PPARG/WNT3A/RGS2/LMO3/VSTM2A/ADIG/SLC7A10/EBF2,12,F7
GO:0048705,skeletal system morphogenesis,12/281,218/13960,0.05504587155963303,2.734663227660061,3.699743242933232,0.0015675413608691891,0.0397500413748769,NA,HOXB9/GREM1/EXT2/UNCX/DLX5/BARX2/ALX4/HOXD8/HOXC9/HOXB7/HOXB4/TFAP2A,12,F7
GO:0072089,stem cell proliferation,8/281,109/13960,0.07339449541284404,3.646217636880081,3.9751304274030685,0.0016027815520824917,0.04018446282573185,NA,OVOL2/SOX17/CEBPA/WNT1/TBX3/TERT/OVOL1/HOXB4,8,F7
GO:0009953,dorsal/ventral pattern formation,7/281,85/13960,0.08235294117647059,4.0912706719698555,4.0971620306857925,0.001608324586315342,0.04018446282573185,NA,OVOL2/DBX1/GREM1/LMX1B/NOTO/WNT3A/DMRT3,7,F7
GO:0007368,determination of left/right symmetry,8/281,110/13960,0.07272727272727272,3.613070203817535,3.943443951122332,0.0016990204817280492,0.04188255298191528,NA,HAND1/OVOL2/SOX17/PITX2/NOTO/WNT3A/HAND2/TBX3,8,F7
GO:0046879,hormone secretion,14/281,281/13960,0.0498220640569395,2.4751459581312294,3.5802563001189784,0.0017009394677764298,0.04188255298191528,NA,OPRK1/FOXD1/HTR1A/ADCYAP1/FOXA2/PPARG/DOC2B/CRY2/ISL1/TBX3/RAB11FIP1/VGF/F2RL2/ADRA2C,14,F7
GO:0001889,liver development,9/281,137/13960,0.06569343065693431,3.2636309322804373,3.816083669577738,0.0018122179883614791,0.04398511946037362,NA,CEBPA/PCSK9/WNT1/WNT3A/GATA6/TBX3/LSR/CD2AP/CYP1A1,9,F7
GO:0007189,adenylate cyclase-activating G protein-coupled receptor signaling pathway,9/281,137/13960,0.06569343065693431,3.2636309322804373,3.816083669577738,0.0018122179883614791,0.04398511946037362,NA,ADCYAP1/DRD5/ADRA2B/CALCA/CALCR/SSTR4/PTGER2/HTR5A/ADRA2C,9,F7
GO:0035107,appendage morphogenesis,9/281,138/13960,0.06521739130434782,3.2399814327711587,3.7901086169995524,0.0019053067490060012,0.045593185444523884,NA,GREM1/AFF3/DLX5/HOXD13/ALX4/HAND2/HOXA13/TBX3/TFAP2A,9,F7
GO:0035108,limb morphogenesis,9/281,138/13960,0.06521739130434782,3.2399814327711587,3.7901086169995524,0.0019053067490060012,0.045593185444523884,NA,GREM1/AFF3/DLX5/HOXD13/ALX4/HAND2/HOXA13/TBX3/TFAP2A,9,F7
GO:0051953,negative regulation of amine transport,4/281,27/13960,0.14814814814814814,7.359957822591273,4.740967059958959,0.0019573753372837325,0.046188620806181406,NA,NPY5R/ADRA2B/RGS2/ADRA2C,4,F7
GO:0062149,detection of stimulus involved in sensory perception of pain,4/281,27/13960,0.14814814814814814,7.359957822591273,4.740967059958959,0.0019573753372837325,0.046188620806181406,NA,NTSR1/KCNA1/PRDM12/CALCA,4,F7
GO:0050665,hydrogen peroxide biosynthetic process,3/281,13/13960,0.23076923076923078,11.464549685190256,5.410095841616,0.001986962580734123,0.046563440340238266,NA,DUOXA2/DUOX2/CYP1A1,3,F7
GO:0060538,skeletal muscle organ development,10/281,167/13960,0.059880239520958084,2.974833251646174,3.67970020853959,0.002055123446136818,0.04783088678063635,NA,WT1/IGF2/MYOCD/MYOD1/RYR1/BARX2/WNT3A/POPDC3/BASP1/MSC,10,F7
GO:0001656,metanephros development,7/281,89/13960,0.07865168539325842,3.907393338398176,3.9436471219408826,0.0020977361969109795,0.0481628891696183,NA,WT1/SOX17/GREM1/FOXD1/IRX2/IRX3/BASP1,7,F7
GO:0015837,amine transport,7/281,89/13960,0.07865168539325842,3.907393338398176,3.9436471219408826,0.0020977361969109795,0.0481628891696183,NA,OPRK1/NTSR1/NPY5R/ADRA2B/RGS2/SLC18A3/ADRA2C,7,F7
GO:0060972,left/right pattern formation,8/281,114/13960,0.07017543859649122,3.48629581070113,3.820288833387133,0.002130604066649116,0.04858921220452145,NA,HAND1/OVOL2/SOX17/PITX2/NOTO/WNT3A/HAND2/TBX3,8,F7
GO:0009914,hormone transport,14/281,289/13960,0.04844290657439446,2.4066298070410914,3.4632331874308235,0.0022057089904320994,0.04996666099658849,NA,OPRK1/FOXD1/HTR1A/ADCYAP1/FOXA2/PPARG/DOC2B/CRY2/ISL1/TBX3/RAB11FIP1/VGF/F2RL2/ADRA2C,14,F7
